create database sql_project1;

use sql_project1;

CREATE TABLE retail_sales (
    transactions_id INT PRIMARY KEY,
    sale_date DATE,
    sale_time TIME,
    customer_id INT,
    gender VARCHAR(15),
    age INT,
    category VARCHAR(15),
    quantity INT,
    price_per_unit FLOAT,
    cogs FLOAT,
    total_sale FLOAT
);

select * from retail_sales WHERE transactions_id is null;

select count(distinct customer_id) as total_sale from retail_sales;

select * from retail_sales;

# Data analysis & business key problems & answers

select * from retail_sales where sale_date = '2022-11-05';

SELECT *
FROM retail_sales
WHERE category = 'Clothing'
AND DATE_FORMAT(sale_date, '%Y-%m') = '2022-11'
AND quantity >= 4;

SELECT 
    category,
    SUM(total_sale) AS net_sale,
    COUNT(*) AS total_sales
FROM
    retail_sales
GROUP BY category;

SELECT 
    round(AVG(age) , 2) AS avg_age
FROM
    retail_sales
WHERE
    category = 'beauty';
    
select * from retail_sales where total_sale >= 1000;

select category, gender,  count(*) as total_transactions from retail_sales
group by gender, category;

select * from  
(  
      select 
      extract(year from sale_date) as year, 
      extract(month from sale_date) as month, 
      round(avg(total_sale), 2) as avg_total_sale,
      rank() over(partition by extract(year from sale_date) 
      order by avg(total_sale) desc) 
      as rank_num from retail_sales
      group by 1, 2
      )  as t1 where rank_num = 1;
      
      
SELECT 
    customer_id, SUM(total_sale) AS total_sales
FROM
    retail_sales
GROUP BY customer_id
ORDER BY total_sales DESC
limit 5;

SELECT 
    category, COUNT(DISTINCT customer_id) as unique_customers
FROM
    retail_sales
GROUP BY category;

select *, 
	     case
         when extract(hour from sale_time) < 12 then 'MORNING'
         when extract(hour from sale_time) between 12 and 17 then 'AFTERNOON'
         else 'EVENING'
         end as shift
from retail_sales;         